query_id	ndcg10	recall10	recall20	recall100	recall300	recall1000	mrr10	precision5	precision10	allGoldInTop10	map	rPrecision	rbpResidual	distinctDocs5	distinctDocs10	sameDocRuns10
1	0.0000	0.0000	0.0000	0.0000			0.0000	0.0000	0.0000	0.0000	0.0000	0.0000	1.0000	5	10	10
3	0.5000	1.0000	1.0000	1.0000			0.3333	0.2000	0.1000	1.0000	0.3333	0.0000	0.8720	5	10	10
5	1.0000	1.0000	1.0000	1.0000			1.0000	0.2000	0.1000	1.0000	1.0000	1.0000	0.8000	5	10	10
13	0.0000	0.0000	0.0000	0.0000			0.0000	0.0000	0.0000	0.0000	0.0000	0.0000	1.0000	5	10	10
36	0.3618	1.0000	1.0000	1.0000			0.1111	0.0000	0.2000	1.0000	0.1556	0.0000	0.9396	5	10	10
42	0.6309	1.0000	1.0000	1.0000			0.5000	0.2000	0.1000	1.0000	0.5000	0.0000	0.8400	5	10	10
48	0.6309	1.0000	1.0000	1.0000			0.5000	0.2000	0.1000	1.0000	0.5000	0.0000	0.8400	5	10	10
49	0.6309	1.0000	1.0000	1.0000			0.5000	0.2000	0.1000	1.0000	0.5000	0.0000	0.8400	5	10	10
50	1.0000	1.0000	1.0000	1.0000			1.0000	0.2000	0.1000	1.0000	1.0000	1.0000	0.8000	5	10	10
51	1.0000	1.0000	1.0000	1.0000			1.0000	0.2000	0.1000	1.0000	1.0000	1.0000	0.8000	5	10	10
53	1.0000	1.0000	1.0000	1.0000			1.0000	0.2000	0.1000	1.0000	1.0000	1.0000	0.8000	5	10	10
54	0.0000	0.0000	1.0000	1.0000			0.0000	0.0000	0.0000	0.0000	0.0667	0.0000	0.9912	5	10	10
56	1.0000	1.0000	1.0000	1.0000			1.0000	0.2000	0.1000	1.0000	1.0000	1.0000	0.8000	5	10	10
57	1.0000	1.0000	1.0000	1.0000			1.0000	0.2000	0.1000	1.0000	1.0000	1.0000	0.8000	5	10	10
70	1.0000	1.0000	1.0000	1.0000			1.0000	0.4000	0.2000	1.0000	1.0000	1.0000	0.6400	5	10	10
72	0.5000	1.0000	1.0000	1.0000			0.3333	0.2000	0.1000	1.0000	0.3333	0.0000	0.8720	5	10	10
75	0.5000	1.0000	1.0000	1.0000			0.3333	0.2000	0.1000	1.0000	0.3333	0.0000	0.8720	5	10	10
94	1.0000	1.0000	1.0000	1.0000			1.0000	0.2000	0.1000	1.0000	1.0000	1.0000	0.8000	5	10	10
99	1.0000	1.0000	1.0000	1.0000			1.0000	0.2000	0.1000	1.0000	1.0000	1.0000	0.8000	5	10	10
100	1.0000	1.0000	1.0000	1.0000			1.0000	0.2000	0.1000	1.0000	1.0000	1.0000	0.8000	5	10	10
113	1.0000	1.0000	1.0000	1.0000			1.0000	0.2000	0.1000	1.0000	1.0000	1.0000	0.8000	5	10	10
115	1.0000	1.0000	1.0000	1.0000			1.0000	0.2000	0.1000	1.0000	1.0000	1.0000	0.8000	5	10	10
118	1.0000	1.0000	1.0000	1.0000			1.0000	0.2000	0.1000	1.0000	1.0000	1.0000	0.8000	5	10	10
124	1.0000	1.0000	1.0000	1.0000			1.0000	0.2000	0.1000	1.0000	1.0000	1.0000	0.8000	5	10	10
127	0.6309	1.0000	1.0000	1.0000			0.5000	0.2000	0.1000	1.0000	0.5000	0.0000	0.8400	5	10	10
128	0.5000	1.0000	1.0000	1.0000			0.3333	0.2000	0.1000	1.0000	0.3333	0.0000	0.8720	5	10	10
129	1.0000	1.0000	1.0000	1.0000			1.0000	0.2000	0.1000	1.0000	1.0000	1.0000	0.8000	4	9	9
130	1.0000	1.0000	1.0000	1.0000			1.0000	0.2000	0.1000	1.0000	1.0000	1.0000	0.8000	4	9	9
132	0.0000	0.0000	0.0000	1.0000			0.0000	0.0000	0.0000	0.0000	0.0123	0.0000	1.0000	5	10	10
133	0.1461	0.2000	0.8000	1.0000			0.2500	0.2000	0.1000	0.0000	0.1862	0.2000	0.8628	5	10	10
137	1.0000	1.0000	1.0000	1.0000			1.0000	0.2000	0.1000	1.0000	1.0000	1.0000	0.8000	5	10	10
141	0.9197	1.0000	1.0000	1.0000			1.0000	0.4000	0.2000	1.0000	0.8333	0.5000	0.6720	5	10	10
142	1.0000	1.0000	1.0000	1.0000			1.0000	0.2000	0.1000	1.0000	1.0000	1.0000	0.8000	5	10	10
143	1.0000	1.0000	1.0000	1.0000			1.0000	0.2000	0.1000	1.0000	1.0000	1.0000	0.8000	5	10	10
146	1.0000	1.0000	1.0000	1.0000			1.0000	0.2000	0.1000	1.0000	1.0000	1.0000	0.8000	5	10	10
148	1.0000	1.0000	1.0000	1.0000			1.0000	0.2000	0.1000	1.0000	1.0000	1.0000	0.8000	5	10	10
163	1.0000	1.0000	1.0000	1.0000			1.0000	0.2000	0.1000	1.0000	1.0000	1.0000	0.8000	5	10	10
171	1.0000	1.0000	1.0000	1.0000			1.0000	0.2000	0.1000	1.0000	1.0000	1.0000	0.8000	5	10	10
179	0.5856	0.5000	0.5000	1.0000			1.0000	0.4000	0.2000	0.0000	0.4720	0.5000	0.6701	5	10	10
180	1.0000	1.0000	1.0000	1.0000			1.0000	0.2000	0.1000	1.0000	1.0000	1.0000	0.8000	5	10	10
183	0.6309	1.0000	1.0000	1.0000			0.5000	0.2000	0.1000	1.0000	0.5000	0.0000	0.8400	5	10	10
185	1.0000	1.0000	1.0000	1.0000			1.0000	0.2000	0.1000	1.0000	1.0000	1.0000	0.8000	5	10	10
198	1.0000	1.0000	1.0000	1.0000			1.0000	0.2000	0.1000	1.0000	1.0000	1.0000	0.8000	5	10	10
208	1.0000	1.0000	1.0000	1.0000			1.0000	0.2000	0.1000	1.0000	1.0000	1.0000	0.8000	5	10	10
212	0.6309	1.0000	1.0000	1.0000			0.5000	0.2000	0.1000	1.0000	0.5000	0.0000	0.8400	5	10	10
213	0.3562	1.0000	1.0000	1.0000			0.1667	0.0000	0.1000	1.0000	0.1667	0.0000	0.9345	5	10	10
216	1.0000	1.0000	1.0000	1.0000			1.0000	0.2000	0.1000	1.0000	1.0000	1.0000	0.8000	5	10	10
217	1.0000	1.0000	1.0000	1.0000			1.0000	0.2000	0.1000	1.0000	1.0000	1.0000	0.8000	5	10	10
218	1.0000	1.0000	1.0000	1.0000			1.0000	0.2000	0.1000	1.0000	1.0000	1.0000	0.8000	5	10	10
219	1.0000	1.0000	1.0000	1.0000			1.0000	0.2000	0.1000	1.0000	1.0000	1.0000	0.8000	5	10	10
230	1.0000	1.0000	1.0000	1.0000			1.0000	0.2000	0.1000	1.0000	1.0000	1.0000	0.8000	5	10	10
232	0.5000	1.0000	1.0000	1.0000			0.3333	0.2000	0.1000	1.0000	0.3333	0.0000	0.8720	5	10	10
233	1.0000	1.0000	1.0000	1.0000			1.0000	0.2000	0.1000	1.0000	1.0000	1.0000	0.8000	5	10	10
236	1.0000	1.0000	1.0000	1.0000			1.0000	0.2000	0.1000	1.0000	1.0000	1.0000	0.8000	5	10	10
237	0.6309	1.0000	1.0000	1.0000			0.5000	0.2000	0.1000	1.0000	0.5000	0.0000	0.8400	5	10	10
238	0.5000	1.0000	1.0000	1.0000			0.3333	0.2000	0.1000	1.0000	0.3333	0.0000	0.8720	5	10	10
239	0.0000	0.0000	1.0000	1.0000			0.0000	0.0000	0.0000	0.0000	0.0556	0.0000	0.9955	5	10	10
248	1.0000	1.0000	1.0000	1.0000			1.0000	0.2000	0.1000	1.0000	1.0000	1.0000	0.8000	5	10	10
249	1.0000	1.0000	1.0000	1.0000			1.0000	0.2000	0.1000	1.0000	1.0000	1.0000	0.8000	5	10	10
261	0.3066	0.5000	1.0000	1.0000			0.3333	0.2000	0.1000	0.0000	0.2576	0.0000	0.8505	5	10	10
268	0.6309	1.0000	1.0000	1.0000			0.5000	0.2000	0.1000	1.0000	0.5000	0.0000	0.8400	5	10	10
269	0.6309	1.0000	1.0000	1.0000			0.5000	0.2000	0.1000	1.0000	0.5000	0.0000	0.8400	5	10	10
274	1.0000	1.0000	1.0000	1.0000			1.0000	0.2000	0.1000	1.0000	1.0000	1.0000	0.8000	4	9	10
275	0.6257	0.6667	0.6667	1.0000			1.0000	0.2000	0.2000	0.0000	0.4619	0.3333	0.7473	5	10	10
279	1.0000	1.0000	1.0000	1.0000			1.0000	0.2000	0.1000	1.0000	1.0000	1.0000	0.8000	5	10	10
294	0.6309	1.0000	1.0000	1.0000			0.5000	0.2000	0.1000	1.0000	0.5000	0.0000	0.8400	5	10	10
295	1.0000	1.0000	1.0000	1.0000			1.0000	0.2000	0.1000	1.0000	1.0000	1.0000	0.8000	5	10	10
298	1.0000	1.0000	1.0000	1.0000			1.0000	0.2000	0.1000	1.0000	1.0000	1.0000	0.8000	5	10	10
300	1.0000	1.0000	1.0000	1.0000			1.0000	0.2000	0.1000	1.0000	1.0000	1.0000	0.8000	5	10	10
303	0.6309	1.0000	1.0000	1.0000			0.5000	0.2000	0.1000	1.0000	0.5000	0.0000	0.8400	5	10	10
312	0.3562	1.0000	1.0000	1.0000			0.1667	0.0000	0.1000	1.0000	0.1667	0.0000	0.9345	5	10	10
314	0.6309	1.0000	1.0000	1.0000			0.5000	0.2000	0.1000	1.0000	0.5000	0.0000	0.8400	5	10	10
324	0.6309	1.0000	1.0000	1.0000			0.5000	0.2000	0.1000	1.0000	0.5000	0.0000	0.8400	5	10	10
327	1.0000	1.0000	1.0000	1.0000			1.0000	0.2000	0.1000	1.0000	1.0000	1.0000	0.8000	5	10	10
338	1.0000	1.0000	1.0000	1.0000			1.0000	0.2000	0.1000	1.0000	1.0000	1.0000	0.8000	5	10	10
343	0.3066	0.5000	1.0000	1.0000			0.3333	0.2000	0.1000	0.0000	0.2333	0.0000	0.8632	5	10	10
350	1.0000	1.0000	1.0000	1.0000			1.0000	0.2000	0.1000	1.0000	1.0000	1.0000	0.8000	5	10	10
354	1.0000	1.0000	1.0000	1.0000			1.0000	0.2000	0.1000	1.0000	1.0000	1.0000	0.8000	5	10	10
362	0.6309	1.0000	1.0000	1.0000			0.5000	0.2000	0.1000	1.0000	0.5000	0.0000	0.8400	5	10	10
380	1.0000	1.0000	1.0000	1.0000			1.0000	0.2000	0.1000	1.0000	1.0000	1.0000	0.8000	5	10	10
384	0.0000	0.0000	0.0000	1.0000			0.0000	0.0000	0.0000	0.0000	0.0204	0.0000	1.0000	5	10	10
385	0.6241	1.0000	1.0000	1.0000			0.5000	0.4000	0.2000	1.0000	0.4500	0.5000	0.7581	5	10	10
386	1.0000	1.0000	1.0000	1.0000			1.0000	0.2000	0.1000	1.0000	1.0000	1.0000	0.8000	5	10	10
388	0.5000	1.0000	1.0000	1.0000			0.3333	0.2000	0.1000	1.0000	0.3333	0.0000	0.8720	5	10	10
399	1.0000	1.0000	1.0000	1.0000			1.0000	0.2000	0.1000	1.0000	1.0000	1.0000	0.8000	5	10	10
410	1.0000	1.0000	1.0000	1.0000			1.0000	0.2000	0.1000	1.0000	1.0000	1.0000	0.8000	5	10	10
411	1.0000	1.0000	1.0000	1.0000			1.0000	0.2000	0.1000	1.0000	1.0000	1.0000	0.8000	5	10	10
415	0.3155	1.0000	1.0000	1.0000			0.1250	0.0000	0.1000	1.0000	0.1250	0.0000	0.9581	5	10	10
421	0.0000	0.0000	0.0000	0.0000			0.0000	0.0000	0.0000	0.0000	0.0000	0.0000	1.0000	5	10	10
431	0.0000	0.0000	0.0000	0.0000			0.0000	0.0000	0.0000	0.0000	0.0000	0.0000	1.0000	5	10	10
436	0.6309	1.0000	1.0000	1.0000			0.5000	0.2000	0.1000	1.0000	0.5000	0.0000	0.8400	5	10	10
437	0.0000	0.0000	0.0000	0.0000			0.0000	0.0000	0.0000	0.0000	0.0000	0.0000	1.0000	5	10	10
439	0.5000	1.0000	1.0000	1.0000			0.3333	0.2000	0.1000	1.0000	0.3333	0.0000	0.8720	5	10	10
440	0.4307	1.0000	1.0000	1.0000			0.2500	0.2000	0.1000	1.0000	0.2500	0.0000	0.8976	5	10	10
443	1.0000	1.0000	1.0000	1.0000			1.0000	0.2000	0.1000	1.0000	1.0000	1.0000	0.8000	5	10	10
452	0.0000	0.0000	0.0000	0.0000			0.0000	0.0000	0.0000	0.0000	0.0000	0.0000	1.0000	5	10	10
475	0.2891	1.0000	1.0000	1.0000			0.1000	0.0000	0.1000	1.0000	0.1000	0.0000	0.9732	5	10	10
478	1.0000	1.0000	1.0000	1.0000			1.0000	0.2000	0.1000	1.0000	1.0000	1.0000	0.8000	5	10	10
491	1.0000	1.0000	1.0000	1.0000			1.0000	0.2000	0.1000	1.0000	1.0000	1.0000	0.8000	5	10	10
501	1.0000	1.0000	1.0000	1.0000			1.0000	0.2000	0.1000	1.0000	1.0000	1.0000	0.8000	5	10	10
502	0.0000	0.0000	0.0000	0.0000			0.0000	0.0000	0.0000	0.0000	0.0000	0.0000	1.0000	5	10	10
507	0.6309	1.0000	1.0000	1.0000			0.5000	0.2000	0.1000	1.0000	0.5000	0.0000	0.8400	5	10	10
508	0.0000	0.0000	0.0000	1.0000			0.0000	0.0000	0.0000	0.0000	0.0143	0.0000	1.0000	5	10	10
513	0.6309	1.0000	1.0000	1.0000			0.5000	0.2000	0.1000	1.0000	0.5000	0.0000	0.8400	5	10	10
514	0.3562	1.0000	1.0000	1.0000			0.1667	0.0000	0.1000	1.0000	0.1667	0.0000	0.9345	5	10	10
516	1.0000	1.0000	1.0000	1.0000			1.0000	0.2000	0.1000	1.0000	1.0000	1.0000	0.8000	5	10	10
517	0.0000	0.0000	0.0000	1.0000			0.0000	0.0000	0.0000	0.0000	0.0455	0.0000	0.9982	5	10	10
521	1.0000	1.0000	1.0000	1.0000			1.0000	0.2000	0.1000	1.0000	1.0000	1.0000	0.8000	5	10	10
525	1.0000	1.0000	1.0000	1.0000			1.0000	0.2000	0.1000	1.0000	1.0000	1.0000	0.8000	5	10	10
527	0.6309	1.0000	1.0000	1.0000			0.5000	0.2000	0.1000	1.0000	0.5000	0.0000	0.8400	5	10	10
528	1.0000	1.0000	1.0000	1.0000			1.0000	0.2000	0.1000	1.0000	1.0000	1.0000	0.8000	5	10	10
532	1.0000	1.0000	1.0000	1.0000			1.0000	0.2000	0.1000	1.0000	1.0000	1.0000	0.8000	5	10	10
533	0.6309	1.0000	1.0000	1.0000			0.5000	0.2000	0.1000	1.0000	0.5000	0.0000	0.8400	5	10	10
535	0.0000	0.0000	0.0000	0.0000			0.0000	0.0000	0.0000	0.0000	0.0000	0.0000	1.0000	4	9	10
536	1.0000	1.0000	1.0000	1.0000			1.0000	0.2000	0.1000	1.0000	1.0000	1.0000	0.8000	5	10	10
539	1.0000	1.0000	1.0000	1.0000			1.0000	0.2000	0.1000	1.0000	1.0000	1.0000	0.8000	5	10	10
540	0.1934	0.5000	0.5000	1.0000			0.1250	0.0000	0.1000	0.0000	0.0817	0.0000	0.9581	5	10	10
544	0.0000	0.0000	0.0000	1.0000			0.0000	0.0000	0.0000	0.0000	0.0127	0.0000	1.0000	5	10	10
549	1.0000	1.0000	1.0000	1.0000			1.0000	0.2000	0.1000	1.0000	1.0000	1.0000	0.8000	5	10	10
551	0.6309	1.0000	1.0000	1.0000			0.5000	0.2000	0.1000	1.0000	0.5000	0.0000	0.8400	5	10	10
552	1.0000	1.0000	1.0000	1.0000			1.0000	0.2000	0.1000	1.0000	1.0000	1.0000	0.8000	5	10	10
554	0.3155	1.0000	1.0000	1.0000			0.1250	0.0000	0.1000	1.0000	0.1250	0.0000	0.9581	5	10	10
560	0.0000	0.0000	0.0000	0.0000			0.0000	0.0000	0.0000	0.0000	0.0000	0.0000	1.0000	5	10	10
569	1.0000	1.0000	1.0000	1.0000			1.0000	0.2000	0.1000	1.0000	1.0000	1.0000	0.8000	5	10	10
575	1.0000	1.0000	1.0000	1.0000			1.0000	0.2000	0.1000	1.0000	1.0000	1.0000	0.8000	5	10	10
577	0.3869	1.0000	1.0000	1.0000			0.2000	0.2000	0.1000	1.0000	0.2000	0.0000	0.9181	5	10	10
578	1.0000	1.0000	1.0000	1.0000			1.0000	0.2000	0.1000	1.0000	1.0000	1.0000	0.8000	5	10	10
587	0.3333	1.0000	1.0000	1.0000			0.1429	0.0000	0.1000	1.0000	0.1429	0.0000	0.9476	5	10	10
589	1.0000	1.0000	1.0000	1.0000			1.0000	0.2000	0.1000	1.0000	1.0000	1.0000	0.8000	5	10	10
593	1.0000	1.0000	1.0000	1.0000			1.0000	0.2000	0.1000	1.0000	1.0000	1.0000	0.8000	5	10	10
597	0.9134	1.0000	1.0000	1.0000			1.0000	0.4000	0.3000	1.0000	0.7917	0.6667	0.5981	5	10	10
598	0.0000	0.0000	1.0000	1.0000			0.0000	0.0000	0.0000	0.0000	0.0909	0.0000	0.9785	5	10	10
613	1.0000	1.0000	1.0000	1.0000			1.0000	0.2000	0.1000	1.0000	1.0000	1.0000	0.8000	5	10	10
619	0.1846	0.5000	0.5000	0.5000			0.1111	0.0000	0.1000	0.0000	0.0556	0.0000	0.9664	5	10	10
623	0.3333	1.0000	1.0000	1.0000			0.1429	0.0000	0.1000	1.0000	0.1429	0.0000	0.9476	5	10	10
628	0.5000	1.0000	1.0000	1.0000			0.3333	0.2000	0.1000	1.0000	0.3333	0.0000	0.8720	5	10	10
636	1.0000	1.0000	1.0000	1.0000			1.0000	0.2000	0.1000	1.0000	1.0000	1.0000	0.8000	5	10	10
637	1.0000	1.0000	1.0000	1.0000			1.0000	0.2000	0.1000	1.0000	1.0000	1.0000	0.8000	5	10	10
641	0.6131	0.5000	0.5000	1.0000			1.0000	0.2000	0.1000	0.0000	0.5357	0.5000	0.7995	5	10	10
644	0.6309	1.0000	1.0000	1.0000			0.5000	0.2000	0.1000	1.0000	0.5000	0.0000	0.8400	5	10	10
649	0.3869	1.0000	1.0000	1.0000			0.2000	0.2000	0.1000	1.0000	0.2000	0.0000	0.9181	5	10	10
659	1.0000	1.0000	1.0000	1.0000			1.0000	0.2000	0.1000	1.0000	1.0000	1.0000	0.8000	5	10	10
660	1.0000	1.0000	1.0000	1.0000			1.0000	0.2000	0.1000	1.0000	1.0000	1.0000	0.8000	5	10	10
674	1.0000	1.0000	1.0000	1.0000			1.0000	0.2000	0.1000	1.0000	1.0000	1.0000	0.8000	5	10	10
684	1.0000	1.0000	1.0000	1.0000			1.0000	0.2000	0.1000	1.0000	1.0000	1.0000	0.8000	5	10	10
690	0.3869	1.0000	1.0000	1.0000			0.2000	0.2000	0.1000	1.0000	0.2000	0.0000	0.9181	5	10	10
691	1.0000	1.0000	1.0000	1.0000			1.0000	0.2000	0.1000	1.0000	1.0000	1.0000	0.8000	5	10	10
692	0.5000	1.0000	1.0000	1.0000			0.3333	0.2000	0.1000	1.0000	0.3333	0.0000	0.8720	5	10	10
693	0.5000	1.0000	1.0000	1.0000			0.3333	0.2000	0.1000	1.0000	0.3333	0.0000	0.8720	5	10	10
700	0.6309	1.0000	1.0000	1.0000			0.5000	0.2000	0.1000	1.0000	0.5000	0.0000	0.8400	5	10	10
702	0.5000	1.0000	1.0000	1.0000			0.3333	0.2000	0.1000	1.0000	0.3333	0.0000	0.8720	5	10	10
715	0.0000	0.0000	1.0000	1.0000			0.0000	0.0000	0.0000	0.0000	0.0556	0.0000	0.9955	5	10	10
716	0.0000	0.0000	0.0000	0.0000			0.0000	0.0000	0.0000	0.0000	0.0000	0.0000	1.0000	5	10	10
718	0.5000	1.0000	1.0000	1.0000			0.3333	0.2000	0.1000	1.0000	0.3333	0.0000	0.8720	5	10	10
721	1.0000	1.0000	1.0000	1.0000			1.0000	0.2000	0.1000	1.0000	1.0000	1.0000	0.8000	5	10	10
723	1.0000	1.0000	1.0000	1.0000			1.0000	0.2000	0.1000	1.0000	1.0000	1.0000	0.8000	5	10	10
727	0.5000	1.0000	1.0000	1.0000			0.3333	0.2000	0.1000	1.0000	0.3333	0.0000	0.8720	5	10	10
728	0.6053	1.0000	1.0000	1.0000			0.5000	0.2000	0.2000	1.0000	0.4167	0.5000	0.7745	5	10	10
729	0.4307	1.0000	1.0000	1.0000			0.2500	0.2000	0.1000	1.0000	0.2500	0.0000	0.8976	5	10	10
742	1.0000	1.0000	1.0000	1.0000			1.0000	0.2000	0.1000	1.0000	1.0000	1.0000	0.8000	5	10	10
743	1.0000	1.0000	1.0000	1.0000			1.0000	0.2000	0.1000	1.0000	1.0000	1.0000	0.8000	5	10	10
744	0.6309	1.0000	1.0000	1.0000			0.5000	0.2000	0.1000	1.0000	0.5000	0.0000	0.8400	5	10	10
756	0.0000	0.0000	1.0000	1.0000			0.0000	0.0000	0.0000	0.0000	0.0769	0.0000	0.9863	5	10	10
759	1.0000	1.0000	1.0000	1.0000			1.0000	0.2000	0.1000	1.0000	1.0000	1.0000	0.8000	5	10	10
768	0.3155	1.0000	1.0000	1.0000			0.1250	0.0000	0.1000	1.0000	0.1250	0.0000	0.9581	5	10	10
770	1.0000	1.0000	1.0000	1.0000			1.0000	0.2000	0.1000	1.0000	1.0000	1.0000	0.8000	5	10	10
775	0.0000	0.0000	0.0000	1.0000			0.0000	0.0000	0.0000	0.0000	0.0118	0.0000	1.0000	5	10	10
781	0.6309	1.0000	1.0000	1.0000			0.5000	0.2000	0.1000	1.0000	0.5000	0.0000	0.8400	5	10	10
783	0.0000	0.0000	1.0000	1.0000			0.0000	0.0000	0.0000	0.0000	0.0667	0.0000	0.9912	5	10	10
784	0.5000	1.0000	1.0000	1.0000			0.3333	0.2000	0.1000	1.0000	0.3333	0.0000	0.8720	5	10	10
785	0.6309	1.0000	1.0000	1.0000			0.5000	0.2000	0.1000	1.0000	0.5000	0.0000	0.8400	5	10	10
793	1.0000	1.0000	1.0000	1.0000			1.0000	0.2000	0.1000	1.0000	1.0000	1.0000	0.8000	5	10	10
800	0.0000	0.0000	0.0000	1.0000			0.0000	0.0000	0.0000	0.0000	0.0400	0.0000	0.9991	5	10	10
805	1.0000	1.0000	1.0000	1.0000			1.0000	0.2000	0.1000	1.0000	1.0000	1.0000	0.8000	5	10	10
808	1.0000	1.0000	1.0000	1.0000			1.0000	0.2000	0.1000	1.0000	1.0000	1.0000	0.8000	5	10	10
811	1.0000	1.0000	1.0000	1.0000			1.0000	0.2000	0.1000	1.0000	1.0000	1.0000	0.8000	5	10	10
814	1.0000	1.0000	1.0000	1.0000			1.0000	0.2000	0.1000	1.0000	1.0000	1.0000	0.8000	5	10	10
820	0.6309	1.0000	1.0000	1.0000			0.5000	0.2000	0.1000	1.0000	0.5000	0.0000	0.8400	5	10	10
821	0.6309	1.0000	1.0000	1.0000			0.5000	0.2000	0.1000	1.0000	0.5000	0.0000	0.8400	5	10	10
823	1.0000	1.0000	1.0000	1.0000			1.0000	0.2000	0.1000	1.0000	1.0000	1.0000	0.8000	5	10	10
830	0.5000	1.0000	1.0000	1.0000			0.3333	0.2000	0.1000	1.0000	0.3333	0.0000	0.8720	5	10	10
831	0.0000	0.0000	1.0000	1.0000			0.0000	0.0000	0.0000	0.0000	0.0588	0.0000	0.9944	5	10	10
832	1.0000	1.0000	1.0000	1.0000			1.0000	0.2000	0.1000	1.0000	1.0000	1.0000	0.8000	5	10	10
834	0.0000	0.0000	0.0000	1.0000			0.0000	0.0000	0.0000	0.0000	0.0270	0.0000	0.9999	5	10	10
837	1.0000	1.0000	1.0000	1.0000			1.0000	0.2000	0.1000	1.0000	1.0000	1.0000	0.8000	5	10	10
839	1.0000	1.0000	1.0000	1.0000			1.0000	0.2000	0.1000	1.0000	1.0000	1.0000	0.8000	5	10	10
845	1.0000	1.0000	1.0000	1.0000			1.0000	0.2000	0.1000	1.0000	1.0000	1.0000	0.8000	5	10	10
847	1.0000	1.0000	1.0000	1.0000			1.0000	0.2000	0.1000	1.0000	1.0000	1.0000	0.8000	5	10	10
852	0.6309	1.0000	1.0000	1.0000			0.5000	0.2000	0.1000	1.0000	0.5000	0.0000	0.8400	5	10	10
859	0.0000	0.0000	1.0000	1.0000			0.0000	0.0000	0.0000	0.0000	0.0909	0.0000	0.9785	5	10	10
870	0.0000	0.0000	0.0000	0.0000			0.0000	0.0000	0.0000	0.0000	0.0000	0.0000	1.0000	5	10	10
873	0.0000	0.0000	0.0000	0.6000			0.0000	0.0000	0.0000	0.0000	0.0333	0.0000	0.9980	5	10	10
879	1.0000	1.0000	1.0000	1.0000			1.0000	0.2000	0.1000	1.0000	1.0000	1.0000	0.8000	5	10	10
880	1.0000	1.0000	1.0000	1.0000			1.0000	0.2000	0.1000	1.0000	1.0000	1.0000	0.8000	5	10	10
882	1.0000	1.0000	1.0000	1.0000			1.0000	0.2000	0.1000	1.0000	1.0000	1.0000	0.8000	5	10	10
887	0.3562	1.0000	1.0000	1.0000			0.1667	0.0000	0.1000	1.0000	0.1667	0.0000	0.9345	5	10	10
903	1.0000	1.0000	1.0000	1.0000			1.0000	0.2000	0.1000	1.0000	1.0000	1.0000	0.8000	5	10	10
904	1.0000	1.0000	1.0000	1.0000			1.0000	0.2000	0.1000	1.0000	1.0000	1.0000	0.8000	5	10	10
907	1.0000	1.0000	1.0000	1.0000			1.0000	0.2000	0.1000	1.0000	1.0000	1.0000	0.8000	5	10	10
911	1.0000	1.0000	1.0000	1.0000			1.0000	0.2000	0.1000	1.0000	1.0000	1.0000	0.8000	5	10	10
913	0.0000	0.0000	0.0000	0.0000			0.0000	0.0000	0.0000	0.0000	0.0000	0.0000	1.0000	5	10	10
914	0.0000	0.0000	0.0000	0.0000			0.0000	0.0000	0.0000	0.0000	0.0000	0.0000	1.0000	5	10	10
921	1.0000	1.0000	1.0000	1.0000			1.0000	0.2000	0.1000	1.0000	1.0000	1.0000	0.8000	5	10	10
922	1.0000	1.0000	1.0000	1.0000			1.0000	0.2000	0.1000	1.0000	1.0000	1.0000	0.8000	5	10	10
936	1.0000	1.0000	1.0000	1.0000			1.0000	0.2000	0.1000	1.0000	1.0000	1.0000	0.8000	5	10	10
956	0.4307	1.0000	1.0000	1.0000			0.2500	0.2000	0.1000	1.0000	0.2500	0.0000	0.8976	5	10	10
957	1.0000	1.0000	1.0000	1.0000			1.0000	0.2000	0.1000	1.0000	1.0000	1.0000	0.8000	5	10	10
960	1.0000	1.0000	1.0000	1.0000			1.0000	0.2000	0.1000	1.0000	1.0000	1.0000	0.8000	5	10	10
967	0.6241	1.0000	1.0000	1.0000			0.5000	0.4000	0.2000	1.0000	0.4500	0.5000	0.7581	5	10	10
971	0.7397	1.0000	1.0000	1.0000			0.5000	0.6000	0.4000	1.0000	0.6220	0.7500	0.5572	5	10	10
975	0.0000	0.0000	0.0000	0.0000			0.0000	0.0000	0.0000	0.0000	0.0000	0.0000	1.0000	5	10	10
982	1.0000	1.0000	1.0000	1.0000			1.0000	0.2000	0.1000	1.0000	1.0000	1.0000	0.8000	5	10	10
985	1.0000	1.0000	1.0000	1.0000			1.0000	0.2000	0.1000	1.0000	1.0000	1.0000	0.8000	5	10	10
993	1.0000	1.0000	1.0000	1.0000			1.0000	0.2000	0.1000	1.0000	1.0000	1.0000	0.8000	5	10	10
1012	1.0000	1.0000	1.0000	1.0000			1.0000	0.2000	0.1000	1.0000	1.0000	1.0000	0.8000	5	10	10
1014	1.0000	1.0000	1.0000	1.0000			1.0000	0.2000	0.1000	1.0000	1.0000	1.0000	0.8000	5	10	10
1019	0.6309	1.0000	1.0000	1.0000			0.5000	0.2000	0.1000	1.0000	0.5000	0.0000	0.8400	5	10	10
1020	0.4307	1.0000	1.0000	1.0000			0.2500	0.2000	0.1000	1.0000	0.2500	0.0000	0.8976	5	10	10
1021	0.4307	1.0000	1.0000	1.0000			0.2500	0.2000	0.1000	1.0000	0.2500	0.0000	0.8976	5	10	10
1024	1.0000	1.0000	1.0000	1.0000			1.0000	0.2000	0.1000	1.0000	1.0000	1.0000	0.8000	5	10	10
1029	0.8452	1.0000	1.0000	1.0000			1.0000	0.4000	0.3000	1.0000	0.6667	0.6667	0.6384	5	10	10
1041	0.2044	0.5000	1.0000	1.0000			0.1429	0.0000	0.1000	0.0000	0.1429	0.0000	0.9366	5	10	10
1049	0.0000	0.0000	0.0000	0.0000			0.0000	0.0000	0.0000	0.0000	0.0000	0.0000	1.0000	5	10	10
1062	1.0000	1.0000	1.0000	1.0000			1.0000	0.2000	0.1000	1.0000	1.0000	1.0000	0.8000	5	10	10
1086	1.0000	1.0000	1.0000	1.0000			1.0000	0.2000	0.1000	1.0000	1.0000	1.0000	0.8000	5	10	10
1088	0.0000	0.0000	0.0000	0.0000			0.0000	0.0000	0.0000	0.0000	0.0000	0.0000	1.0000	5	10	10
1089	1.0000	1.0000	1.0000	1.0000			1.0000	0.2000	0.1000	1.0000	1.0000	1.0000	0.8000	5	10	10
1099	0.5000	1.0000	1.0000	1.0000			0.3333	0.2000	0.1000	1.0000	0.3333	0.0000	0.8720	5	10	10
1100	0.6309	1.0000	1.0000	1.0000			0.5000	0.2000	0.1000	1.0000	0.5000	0.0000	0.8400	5	10	10
1104	1.0000	1.0000	1.0000	1.0000			1.0000	0.2000	0.1000	1.0000	1.0000	1.0000	0.8000	5	10	10
1107	1.0000	1.0000	1.0000	1.0000			1.0000	0.2000	0.1000	1.0000	1.0000	1.0000	0.8000	5	10	10
1110	0.0000	0.0000	0.0000	0.0000			0.0000	0.0000	0.0000	0.0000	0.0000	0.0000	1.0000	5	10	10
1121	0.6309	1.0000	1.0000	1.0000			0.5000	0.2000	0.1000	1.0000	0.5000	0.0000	0.8400	5	10	10
1130	1.0000	1.0000	1.0000	1.0000			1.0000	0.2000	0.1000	1.0000	1.0000	1.0000	0.8000	5	10	10
1132	0.2641	0.5000	0.5000	0.5000			0.2500	0.2000	0.1000	0.0000	0.1250	0.0000	0.8976	5	10	10
1137	1.0000	1.0000	1.0000	1.0000			1.0000	0.2000	0.1000	1.0000	1.0000	1.0000	0.8000	5	10	10
1140	1.0000	1.0000	1.0000	1.0000			1.0000	0.2000	0.1000	1.0000	1.0000	1.0000	0.8000	5	10	10
1144	1.0000	1.0000	1.0000	1.0000			1.0000	0.2000	0.1000	1.0000	1.0000	1.0000	0.8000	5	10	10
1146	1.0000	1.0000	1.0000	1.0000			1.0000	0.2000	0.1000	1.0000	1.0000	1.0000	0.8000	5	10	10
1150	1.0000	1.0000	1.0000	1.0000			1.0000	0.2000	0.1000	1.0000	1.0000	1.0000	0.8000	5	10	10
1163	1.0000	1.0000	1.0000	1.0000			1.0000	0.2000	0.1000	1.0000	1.0000	1.0000	0.8000	5	10	10
1175	0.0000	0.0000	0.0000	1.0000			0.0000	0.0000	0.0000	0.0000	0.0123	0.0000	1.0000	5	10	10
1179	0.2891	1.0000	1.0000	1.0000			0.1000	0.0000	0.1000	1.0000	0.1000	0.0000	0.9732	5	10	10
1180	0.5000	1.0000	1.0000	1.0000			0.3333	0.2000	0.1000	1.0000	0.3333	0.0000	0.8720	5	10	10
1185	1.0000	1.0000	1.0000	1.0000			1.0000	0.2000	0.1000	1.0000	1.0000	1.0000	0.8000	5	10	10
1187	0.6309	1.0000	1.0000	1.0000			0.5000	0.2000	0.1000	1.0000	0.5000	0.0000	0.8400	5	10	10
1191	0.0000	0.0000	0.0000	0.0000			0.0000	0.0000	0.0000	0.0000	0.0000	0.0000	1.0000	5	10	10
1194	0.6309	1.0000	1.0000	1.0000			0.5000	0.2000	0.1000	1.0000	0.5000	0.0000	0.8400	5	10	10
1196	0.4307	1.0000	1.0000	1.0000			0.2500	0.2000	0.1000	1.0000	0.2500	0.0000	0.8976	5	10	10
1197	0.4307	1.0000	1.0000	1.0000			0.2500	0.2000	0.1000	1.0000	0.2500	0.0000	0.8976	5	10	10
1199	0.0000	0.0000	0.0000	0.0000			0.0000	0.0000	0.0000	0.0000	0.0000	0.0000	1.0000	5	10	10
1200	0.0000	0.0000	0.0000	0.0000			0.0000	0.0000	0.0000	0.0000	0.0000	0.0000	1.0000	5	10	10
1202	1.0000	1.0000	1.0000	1.0000			1.0000	0.2000	0.1000	1.0000	1.0000	1.0000	0.8000	5	10	10
1204	1.0000	1.0000	1.0000	1.0000			1.0000	0.2000	0.1000	1.0000	1.0000	1.0000	0.8000	5	10	10
1207	1.0000	1.0000	1.0000	1.0000			1.0000	0.2000	0.1000	1.0000	1.0000	1.0000	0.8000	5	10	10
1213	0.0000	0.0000	0.0000	0.0000			0.0000	0.0000	0.0000	0.0000	0.0000	0.0000	1.0000	5	10	10
1216	1.0000	1.0000	1.0000	1.0000			1.0000	0.2000	0.1000	1.0000	1.0000	1.0000	0.8000	5	10	10
1221	0.0000	0.0000	0.0000	0.0000			0.0000	0.0000	0.0000	0.0000	0.0000	0.0000	1.0000	5	10	10
1225	1.0000	1.0000	1.0000	1.0000			1.0000	0.2000	0.1000	1.0000	1.0000	1.0000	0.8000	5	10	10
1226	0.0000	0.0000	0.0000	0.0000			0.0000	0.0000	0.0000	0.0000	0.0000	0.0000	1.0000	5	10	10
1232	1.0000	1.0000	1.0000	1.0000			1.0000	0.2000	0.1000	1.0000	1.0000	1.0000	0.8000	5	10	10
1241	1.0000	1.0000	1.0000	1.0000			1.0000	0.2000	0.1000	1.0000	1.0000	1.0000	0.8000	5	10	10
1245	0.6309	1.0000	1.0000	1.0000			0.5000	0.2000	0.1000	1.0000	0.5000	0.0000	0.8400	5	10	10
1259	0.6309	1.0000	1.0000	1.0000			0.5000	0.2000	0.1000	1.0000	0.5000	0.0000	0.8400	5	10	10
1262	1.0000	1.0000	1.0000	1.0000			1.0000	0.2000	0.1000	1.0000	1.0000	1.0000	0.8000	5	10	10
1266	1.0000	1.0000	1.0000	1.0000			1.0000	0.2000	0.1000	1.0000	1.0000	1.0000	0.8000	5	10	10
1270	1.0000	1.0000	1.0000	1.0000			1.0000	0.2000	0.1000	1.0000	1.0000	1.0000	0.8000	5	10	10
1271	1.0000	1.0000	1.0000	1.0000			1.0000	0.2000	0.1000	1.0000	1.0000	1.0000	0.8000	5	10	10
1272	0.6309	1.0000	1.0000	1.0000			0.5000	0.2000	0.1000	1.0000	0.5000	0.0000	0.8400	5	10	10
1273	1.0000	1.0000	1.0000	1.0000			1.0000	0.2000	0.1000	1.0000	1.0000	1.0000	0.8000	5	10	10
1274	0.7328	1.0000	1.0000	1.0000			0.5000	0.6000	0.3000	1.0000	0.6389	0.6667	0.6096	5	10	10
1278	0.0000	0.0000	0.0000	1.0000			0.0000	0.0000	0.0000	0.0000	0.0313	0.0000	0.9998	5	10	10
1279	0.0000	0.0000	1.0000	1.0000			0.0000	0.0000	0.0000	0.0000	0.0625	0.0000	0.9930	5	10	10
1280	0.0000	0.0000	0.0000	1.0000			0.0000	0.0000	0.0000	0.0000	0.0303	0.0000	0.9998	5	10	10
1281	0.0000	0.0000	0.0000	0.0000			0.0000	0.0000	0.0000	0.0000	0.0000	0.0000	1.0000	5	10	10
1282	1.0000	1.0000	1.0000	1.0000			1.0000	0.2000	0.1000	1.0000	1.0000	1.0000	0.8000	5	10	10
1290	1.0000	1.0000	1.0000	1.0000			1.0000	0.2000	0.1000	1.0000	1.0000	1.0000	0.8000	5	10	10
1292	1.0000	1.0000	1.0000	1.0000			1.0000	0.2000	0.1000	1.0000	1.0000	1.0000	0.8000	5	10	10
1298	1.0000	1.0000	1.0000	1.0000			1.0000	0.2000	0.1000	1.0000	1.0000	1.0000	0.8000	5	10	10
1303	0.0000	0.0000	1.0000	1.0000			0.0000	0.0000	0.0000	0.0000	0.0588	0.0000	0.9944	5	10	10
1316	0.0000	0.0000	1.0000	1.0000			0.0000	0.0000	0.0000	0.0000	0.0714	0.0000	0.9890	5	10	10
1319	0.6309	1.0000	1.0000	1.0000			0.5000	0.2000	0.1000	1.0000	0.5000	0.0000	0.8400	5	10	10
1320	0.4307	1.0000	1.0000	1.0000			0.2500	0.2000	0.1000	1.0000	0.2500	0.0000	0.8976	5	10	10
1332	0.0000	0.0000	0.0000	0.0000			0.0000	0.0000	0.0000	0.0000	0.0000	0.0000	1.0000	5	10	10
1335	0.6309	1.0000	1.0000	1.0000			0.5000	0.2000	0.1000	1.0000	0.5000	0.0000	0.8400	5	10	10
1336	0.6309	1.0000	1.0000	1.0000			0.5000	0.2000	0.1000	1.0000	0.5000	0.0000	0.8400	5	10	10
1337	1.0000	1.0000	1.0000	1.0000			1.0000	0.2000	0.1000	1.0000	1.0000	1.0000	0.8000	5	10	10
1339	1.0000	1.0000	1.0000	1.0000			1.0000	0.2000	0.1000	1.0000	1.0000	1.0000	0.8000	5	10	10
1344	0.5000	1.0000	1.0000	1.0000			0.3333	0.2000	0.1000	1.0000	0.3333	0.0000	0.8720	5	10	10
1352	1.0000	1.0000	1.0000	1.0000			1.0000	0.2000	0.1000	1.0000	1.0000	1.0000	0.8000	5	10	10
1359	1.0000	1.0000	1.0000	1.0000			1.0000	0.2000	0.1000	1.0000	1.0000	1.0000	0.8000	4	9	9
1362	0.5000	1.0000	1.0000	1.0000			0.3333	0.2000	0.1000	1.0000	0.3333	0.0000	0.8720	5	10	10
1363	0.5000	1.0000	1.0000	1.0000			0.3333	0.2000	0.1000	1.0000	0.3333	0.0000	0.8720	5	10	10
1368	0.0000	0.0000	0.0000	1.0000			0.0000	0.0000	0.0000	0.0000	0.0435	0.0000	0.9985	5	10	10
1370	0.6309	1.0000	1.0000	1.0000			0.5000	0.2000	0.1000	1.0000	0.5000	0.0000	0.8400	5	10	10
1379	0.3462	0.5000	0.7500	1.0000			0.3333	0.4000	0.2000	0.0000	0.2843	0.2500	0.7721	5	10	10
1382	0.0000	0.0000	1.0000	1.0000			0.0000	0.0000	0.0000	0.0000	0.0714	0.0000	0.9890	5	10	10
1385	1.0000	1.0000	1.0000	1.0000			1.0000	0.2000	0.1000	1.0000	1.0000	1.0000	0.8000	5	10	10
1389	1.0000	1.0000	1.0000	1.0000			1.0000	0.2000	0.1000	1.0000	1.0000	1.0000	0.8000	5	10	10
1395	0.0000	0.0000	1.0000	1.0000			0.0000	0.0000	0.0000	0.0000	0.0714	0.0000	0.9890	5	10	10
